nomgeo,year,area,luces,poblacion,censo
15001,2015,6.090316798,8.162558963,66200,NA
15002,2015,30.34780864,8.997980734,160927,NA
15003,2015,4.20947748,8.588896519,48918,NA
15004,2015,1.345522898,7.217288831,15449,NA
15005,2015,6.74684003,7.098107611,170256,NA
15006,2015,21.81224335,7.298244482,11347,NA
15007,2015,0.973613191,7.876731853,24568,NA
15008,2015,0.135168851,6.583000059,28111,NA
15009,2015,5.112761676,7.011174034,52581,NA
15010,2015,9.141991463,8.69079866,29829,NA
15011,2015,16.9295401,8.265567188,62696,NA
15012,2015,26.45762724,7.091719657,11547,NA
15013,2015,48.91847265,8.866814095,538556,NA
15014,2015,13.53548295,8.622053363,99914,NA
15015,2015,2.148723243,6.224561867,30649,NA
15016,2015,2.416320442,9.180253317,27729,NA
15017,2015,3.881650472,6.475349038,9871,NA
15018,2015,11.85793543,7.881967439,54423,NA
15019,2015,25.13203541,8.00859971,36233,NA
15020,2015,56.83976687,8.483145879,302874,NA
15021,2015,3.005421669,6.932379003,39403,NA
15022,2015,17.82347524,7.330753272,14242,NA
15023,2015,18.33058229,8.569998233,42672,NA
15024,2015,45.17052958,8.935974776,156680,NA
15025,2015,21.69263263,6.957541788,348034,NA
15026,2015,4.432389791,6.896578541,28387,NA
15027,2015,15.91787604,7.712643091,11330,NA
15028,2015,38.43131299,8.385069281,28996,NA
15029,2015,35.39159906,7.387414573,201206,NA
15030,2015,81.64252312,8.644209258,25240,NA
15031,2015,85.28283722,8.233007779,677256,NA
15032,2015,3.843755946,8.31516678,34437,NA
15033,2015,78.81090177,8.696906188,1674599,NA
15034,2015,1.523546411,6.546849668,9632,NA
15035,2015,16.39258437,7.769445834,124349,NA
15036,2015,5.68764963,9.22900921,43737,NA
15037,2015,14.42877528,7.936750179,269923,NA
15038,2015,1.148667034,8.34773403,11521,NA
15039,2015,14.92234336,7.451565934,507825,NA
15040,2015,4.612447001,7.035018477,35995,NA
15041,2015,0.462997088,8.524736733,6978,NA
15042,2015,27.82446877,7.657281753,152796,NA
15043,2015,4.731189461,8.043077384,29127,NA
15044,2015,69.86678451,8.701806096,29145,NA
15045,2015,5.241132521,6.649971206,88665,NA
15046,2015,0.759399196,7.929268687,19351,NA
15047,2015,12.45666145,7.931098935,73951,NA
15048,2015,11.40398888,8.221250315,66090,NA
15049,2015,3.869504162,6.870397181,13824,NA
15050,2015,2.10692678,7.286497439,25468,NA
15051,2015,14.41318683,7.747810447,145727,NA
15052,2015,0.892085989,7.042865864,27685,NA
15053,2015,49.61488943,9.561333613,55287,NA
15054,2015,59.57539422,7.734708306,235173,NA
15055,2015,19.17852563,7.556431765,12727,NA
15056,2015,6.622568629,7.865867489,30412,NA
15057,2015,38.43267458,8.233993178,886461,NA
15058,2015,83.54301687,8.591846041,1135026,NA
15059,2015,16.96702719,8.878146385,38254,NA
15060,2015,14.77674245,8.154839191,403346,NA
15061,2015,3.613297718,9.175151787,9321,NA
15062,2015,8.389448331,8.089975604,66732,NA
15063,2015,0.623748153,6.991499564,34020,NA
15064,2015,10.77106868,8.849593139,37356,NA
15065,2015,4.501457901,8.696723926,36029,NA
15066,2015,0.202281323,7.66802168,4479,NA
15067,2015,12.22200304,7.736996256,83938,NA
15068,2015,12.58622353,6.756761468,29302,NA
15069,2015,45.8046286,8.438116508,4216,NA
15070,2015,72.51310709,7.583620813,288308,NA
15071,2015,5.42183192,9.372592319,14139,NA
15072,2015,11.33925218,7.871369881,13479,NA
15073,2015,13.17599513,7.717117684,26906,NA
15074,2015,15.92469487,8.809667177,140088,NA
15075,2015,5.972365988,8.893586533,27036,NA
15076,2015,65.50373211,7.927371319,77004,NA
15077,2015,0.24716753,7.652438557,6299,NA
15078,2015,0.277036592,7.967459818,9861,NA
15079,2015,8.427733476,6.781013879,13215,NA
15080,2015,0.178366231,7.226449077,27490,NA
15081,2015,34.43441005,9.261771836,432214,NA
15082,2015,0.670812569,7.107385083,79493,NA
15083,2015,8.204951505,7.087737353,12698,NA
15084,2015,4.979515041,9.727310355,39172,NA
15085,2015,7.068356745,9.091781641,65453,NA
15086,2015,0.354518642,8.250681219,33241,NA
15087,2015,10.43011623,7.606269961,100505,NA
15088,2015,6.568194825,6.855602204,98129,NA
15089,2015,5.791962593,7.075575887,12169,NA
15090,2015,6.333037498,7.144890692,85650,NA
15091,2015,27.60812733,9.33216684,70219,NA
15092,2015,12.88256002,9.159445175,57377,NA
15093,2015,4.716133118,8.550395052,30825,NA
15094,2015,5.132352247,6.882142808,20050,NA
15095,2015,9.893527473,8.228088469,95292,NA
15096,2015,8.888327101,8.765059923,37112,NA
15097,2015,0.645279914,7.237720124,19044,NA
15098,2015,4.137641674,7.31408192,5378,NA
15099,2015,13.74425882,8.238358402,248887,NA
15100,2015,62.72436299,8.8105617,40710,NA
15101,2015,12.2109685,7.938060563,77220,NA
15102,2015,6.207219575,6.931922775,16212,NA
15103,2015,2.990089927,6.830332425,49340,NA
15104,2015,75.27531571,9.021592033,732600,NA
15105,2015,0.256342129,6.787168814,36167,NA
15106,2015,42.68176,7.461472525,888043,NA
15107,2015,2.821797731,6.828331596,12842,NA
15108,2015,63.70881741,8.831748402,147347,NA
15109,2015,72.38945152,8.460116472,535464,NA
15110,2015,1.097103491,8.518123722,66957,NA
15111,2015,6.983449888,8.020696832,51588,NA
15112,2015,2.142679204,7.342986417,47601,NA
15113,2015,8.47155178,6.729571309,66232,NA
15114,2015,10.73669245,7.837868079,101404,NA
15115,2015,12.04995222,7.624459482,51800,NA
15116,2015,0.817805007,8.380236181,4260,NA
15117,2015,0.110351061,7.305685031,15595,NA
15118,2015,15.61738418,7.225673861,183888,NA
15119,2015,0.976045881,6.889604397,17421,NA
15120,2015,17.72486109,9.151397777,191955,NA
15121,2015,69.11973109,9.125206296,554689,NA
15122,2015,58.72672143,7.278259112,394527,NA
15123,2015,0.319221177,7.553548751,29058,NA
15124,2015,2.949784444,8.625706779,94471,NA
15125,2015,22.22779692,8.921432754,10476,NA
15001,2016,6.378184076,9.489332103,66861,NA
15002,2016,32.74039609,9.873195514,166634,NA
15003,2016,4.319225813,9.2432729,49606,NA
15004,2016,1.577764136,9.012634518,15471,NA
15005,2016,7.21871953,8.910089714,174234,NA
15006,2016,22.98279066,9.418000516,11523,NA
15007,2016,1.128231739,8.651516076,24838,NA
15008,2016,0.153760171,8.974434859,28097,NA
15009,2016,5.505507673,8.348402539,52962,NA
15010,2016,9.773348249,9.077884049,30198,NA
15011,2016,17.1520629,10.25043816,64350,NA
15012,2016,27.45610046,9.560996682,11762,NA
15013,2016,53.29368419,9.118681764,542273,NA
15014,2016,14.72123856,9.626543856,101550,NA
15015,2016,2.805288791,8.596605785,31071,NA
15016,2016,3.17972319,10.06421,28224,NA
15017,2016,4.174948972,9.437580782,10141,NA
15018,2016,11.98184421,9.054261523,55727,NA
15019,2016,26.89301021,9.940964152,36648,NA
15020,2016,58.67175667,9.361457109,304528,NA
15021,2016,3.745088869,8.754915729,39878,NA
15022,2016,19.29105071,9.907137727,14486,NA
15023,2016,20.61457006,9.279197833,42997,NA
15024,2016,49.09500579,9.519040557,160866,NA
15025,2016,22.71415816,9.702498142,358612,NA
15026,2016,4.526715796,8.510048752,28800,NA
15027,2016,16.63778908,9.202652289,11700,NA
15028,2016,41.43626708,10.74533232,29611,NA
15029,2016,35.61099573,10.43304227,207108,NA
15030,2016,83.62368993,10.29401136,25745,NA
15031,2016,86.37402371,10.78805119,687195,NA
15032,2016,4.242846778,9.194762239,34804,NA
15033,2016,79.7527248,10.09541483,1680113,NA
15034,2016,1.858358545,9.962350368,9728,NA
15035,2016,18.17686237,8.852744833,129583,NA
15036,2016,6.738143066,9.698863807,44375,NA
15037,2016,17.13340637,9.400781732,274348,NA
15038,2016,1.327455659,8.946871611,11739,NA
15039,2016,15.50167017,9.643439874,518015,NA
15040,2016,5.054451948,8.685649764,36469,NA
15041,2016,0.548071444,9.389762985,7036,NA
15042,2016,29.39697263,9.146146955,155055,NA
15043,2016,4.861952147,9.383787759,29785,NA
15044,2016,79.25979669,9.348802207,29110,NA
15045,2016,5.638285878,7.844786092,89993,NA
15046,2016,0.945803691,9.207884073,19649,NA
15047,2016,12.75651407,9.043530178,75087,NA
15048,2016,11.85139592,9.191285422,67022,NA
15049,2016,4.088580969,9.503452915,14008,NA
15050,2016,2.177960234,9.355994211,25851,NA
15051,2016,15.8015882,9.365880477,148878,NA
15052,2016,1.205058201,9.904728144,28063,NA
15053,2016,56.96150596,9.558041518,56585,NA
15054,2016,62.03519849,9.584291974,237398,NA
15055,2016,19.68270907,8.843713898,12945,NA
15056,2016,6.848817807,9.005275371,30689,NA
15057,2016,41.91169653,9.395970102,889833,NA
15058,2016,83.61707781,10.84614311,1131848,NA
15059,2016,20.27159539,9.249712622,39476,NA
15060,2016,16.04055554,9.500168181,411739,NA
15061,2016,4.523949922,9.886117391,9410,NA
15062,2016,9.261998922,9.687278461,67809,NA
15063,2016,0.740064499,9.628102296,34585,NA
15064,2016,11.43116144,9.968463271,37809,NA
15065,2016,6.209716653,10.37586387,36485,NA
15066,2016,0.20943656,9.210194078,4417,NA
15067,2016,13.05696885,9.367319125,85480,NA
15068,2016,14.34952078,10.37843677,29694,NA
15069,2016,48.78788149,10.97608412,4250,NA
15070,2016,75.24360367,10.32219449,293057,NA
15071,2016,5.705716941,9.295763868,14325,NA
15072,2016,11.55633784,8.985607909,13725,NA
15073,2016,13.39031338,8.929200755,27977,NA
15074,2016,16.78102281,9.180171618,139569,NA
15075,2016,7.938864039,10.01975896,27500,NA
15076,2016,70.05539491,9.676219375,77856,NA
15077,2016,0.368053474,8.690692636,6354,NA
15078,2016,0.392167584,9.267476247,9937,NA
15079,2016,8.802639996,7.906618189,13454,NA
15080,2016,0.188250003,8.78566141,27599,NA
15081,2016,38.02175959,9.346442502,447697,NA
15082,2016,0.79715448,8.89889309,79375,NA
15083,2016,8.64951411,9.934237343,12919,NA
15084,2016,6.501417538,9.80983551,39723,NA
15085,2016,7.4947828,10.21959367,65764,NA
15086,2016,0.428442722,8.690060798,33443,NA
15087,2016,10.90581426,9.250315109,102503,NA
15088,2016,7.618117662,9.133001932,99664,NA
15089,2016,6.20164644,9.617654825,12422,NA
15090,2016,6.47454218,8.746944086,87046,NA
15091,2016,36.67628151,9.795706044,70030,NA
15092,2016,16.02961815,9.948135272,58164,NA
15093,2016,5.17663014,10.5437566,31321,NA
15094,2016,6.737749971,10.57597553,20272,NA
15095,2016,11.51267148,9.282581432,97302,NA
15096,2016,9.962829034,8.867133403,37663,NA
15097,2016,0.688510605,8.412717486,19273,NA
15098,2016,4.3710645,9.35587681,5451,NA
15099,2016,14.61362814,10.3241886,251658,NA
15100,2016,64.01993789,10.27450661,42028,NA
15101,2016,12.61193839,9.632749423,78355,NA
15102,2016,6.344325386,8.416852405,16327,NA
15103,2016,3.451690301,8.927403917,49735,NA
15104,2016,77.48309025,9.994101278,736006,NA
15105,2016,0.278202822,8.953242671,36373,NA
15106,2016,44.88523563,9.215909561,901274,NA
15107,2016,2.985874881,9.298262175,12978,NA
15108,2016,66.00169375,9.406013221,150460,NA
15109,2016,73.9375573,9.613791384,540131,NA
15110,2016,1.581516489,9.369672275,67649,NA
15111,2016,7.193175013,8.701157265,52298,NA
15112,2016,2.374151451,8.863796578,48250,NA
15113,2016,9.449863229,8.738884552,67422,NA
15114,2016,11.45920577,8.467179678,103399,NA
15115,2016,12.63623035,9.590031358,52391,NA
15116,2016,0.933907614,9.557239475,4282,NA
15117,2016,0.129215363,8.702360111,15669,NA
15118,2016,16.49992959,8.671954923,187939,NA
15119,2016,1.148256688,9.617216294,17528,NA
15120,2016,20.23878815,9.304899705,197620,NA
15121,2016,72.65434954,9.642046456,559301,NA
15122,2016,59.37921126,10.30397333,399932,NA
15123,2016,0.36608825,8.910898224,29150,NA
15124,2016,2.991682505,9.295095898,95505,NA
15125,2016,24.34056989,8.894950875,10599,NA
15001,2017,6.501867084,12.01014289,67536,NA
15002,2017,33.78225394,12.51695236,172097,NA
15003,2017,4.37607353,11.95706451,50293,NA
15004,2017,1.620128171,10.95131598,15503,NA
15005,2017,7.321091495,11.87441573,178085,NA
15006,2017,23.46545645,11.03701433,11695,NA
15007,2017,1.198615339,12.18854491,25108,NA
15008,2017,0.158424765,11.41610094,28121,NA
15009,2017,5.664190279,10.63681297,53355,NA
15010,2017,9.92740031,12.15088507,30567,NA
15011,2017,17.47993799,12.22341004,65932,NA
15012,2017,28.12338826,11.14856926,11969,NA
15013,2017,54.10698603,11.39548021,545985,NA
15014,2017,14.970161,11.8046971,103146,NA
15015,2017,3.072483285,10.04110712,31494,NA
15016,2017,3.402662833,12.78911366,28710,NA
15017,2017,4.373628208,10.49653,10398,NA
15018,2017,12.10113742,11.00777661,56987,NA
15019,2017,27.50483601,11.92912417,37060,NA
15020,2017,59.18994034,11.41053383,306113,NA
15021,2017,4.004394172,10.04566989,40360,NA
15022,2017,20.08473058,10.77210342,14729,NA
15023,2017,21.42264764,12.03722981,43325,NA
15024,2017,50.29393476,11.85809206,164842,NA
15025,2017,23.27508001,10.92192226,369017,NA
15026,2017,4.55092789,11.30026888,29209,NA
15027,2017,17.69408215,11.56858136,12053,NA
15028,2017,43.21760582,12.99599284,30206,NA
15029,2017,35.73216516,12.53678181,212715,NA
15030,2017,85.75224289,12.781492,26237,NA
15031,2017,86.63900859,12.96509691,696657,NA
15032,2017,4.40009478,12.72768316,35180,NA
15033,2017,79.96438292,12.26567243,1686124,NA
15034,2017,2.05940505,11.37903369,9823,NA
15035,2017,19.16329215,12.0752401,134583,NA
15036,2017,7.180837061,11.55199209,45003,NA
15037,2017,17.93455465,11.53874456,278634,NA
15038,2017,1.385651844,11.6530406,11956,NA
15039,2017,15.7200508,11.53474248,527561,NA
15040,2017,5.224849049,11.18480292,36951,NA
15041,2017,0.555941033,12.13401857,7095,NA
15042,2017,30.38533865,11.94751051,157278,NA
15043,2017,4.906823043,10.93212214,30432,NA
15044,2017,81.04494793,11.10824031,29099,NA
15045,2017,5.717862594,11.19146441,91301,NA
15046,2017,1.00920395,11.24181479,19943,NA
15047,2017,12.97080617,11.90998964,76213,NA
15048,2017,12.01078263,11.53999551,67943,NA
15049,2017,4.191463392,10.43522742,14198,NA
15050,2017,2.220260302,11.63586729,26226,NA
15051,2017,16.61543739,11.41413738,151922,NA
15052,2017,1.270728227,11.96649843,28443,NA
15053,2017,59.25424025,11.60209688,57842,NA
15054,2017,63.6458167,11.21237737,239599,NA
15055,2017,20.39587433,10.95763223,13164,NA
15056,2017,6.934942618,11.32014885,30974,NA
15057,2017,42.43476597,11.57079535,893877,NA
15058,2017,83.62174766,13.37739747,1130193,NA
15059,2017,21.3848241,11.16757088,40651,NA
15060,2017,16.63549559,11.76479678,419829,NA
15061,2017,4.819953665,12.60079057,9502,NA
15062,2017,9.582225466,11.52583664,68865,NA
15063,2017,0.782443071,11.0832125,35140,NA
15064,2017,11.63387444,11.863434,38265,NA
15065,2017,6.63473176,12.64444638,36935,NA
15066,2017,0.212601464,11.61793992,4358,NA
15067,2017,13.83168363,12.32882475,86967,NA
15068,2017,15.10259292,11.93762141,30078,NA
15069,2017,52.17916902,13.14386749,4278,NA
15070,2017,75.78973593,12.67949859,297638,NA
15071,2017,5.932296237,12.25583046,14514,NA
15072,2017,11.70812754,10.15993067,13962,NA
15073,2017,13.54238715,10.93324476,29016,NA
15074,2017,17.53554674,11.92506829,139264,NA
15075,2017,8.756629581,12.41253446,27943,NA
15076,2017,72.91417432,11.98598,78690,NA
15077,2017,0.375333884,11.15933332,6405,NA
15078,2017,0.402181576,12.61740916,10017,NA
15079,2017,8.89329881,11.23923049,13692,NA
15080,2017,0.192626669,11.0787902,27725,NA
15081,2017,39.14907009,11.57805363,462513,NA
15082,2017,0.812867264,11.21192248,79354,NA
15083,2017,8.838388572,10.484876,13132,NA
15084,2017,6.847212509,11.88894241,40254,NA
15085,2017,7.651761003,12.33973368,66118,NA
15086,2017,0.437933262,11.83392848,33662,NA
15087,2017,11.16738779,12.35849468,104439,NA
15088,2017,7.935644625,11.1699753,101176,NA
15089,2017,6.550896422,10.78572205,12672,NA
15090,2017,6.620146692,10.47086365,88411,NA
15091,2017,37.92058046,11.91191715,69854,NA
15092,2017,16.95528585,12.52208844,58927,NA
15093,2017,5.708213978,12.17335609,31805,NA
15094,2017,7.316700976,12.39110083,20498,NA
15095,2017,12.27176991,11.52113977,99237,NA
15096,2017,10.31199143,11.79764763,38197,NA
15097,2017,0.709905475,10.69614716,19505,NA
15098,2017,4.461907471,10.65958157,5520,NA
15099,2017,15.02830556,12.46717958,254375,NA
15100,2017,65.11325549,12.53623581,43285,NA
15101,2017,12.89666149,11.51121574,79472,NA
15102,2017,6.396732682,11.24263295,16441,NA
15103,2017,3.606691982,10.59962266,50139,NA
15104,2017,77.74704295,12.19544872,740031,NA
15105,2017,0.28371931,11.12986329,36614,NA
15106,2017,45.44928299,11.3465706,914141,NA
15107,2017,3.045098141,12.05740854,13117,NA
15108,2017,67.09300625,11.83788681,153432,NA
15109,2017,74.38242197,11.96106481,544600,NA
15110,2017,1.614442719,12.26436806,68331,NA
15111,2017,7.704502749,11.82547904,53001,NA
15112,2017,2.477546505,10.93410584,48893,NA
15113,2017,9.716899475,10.52711467,68595,NA
15114,2017,11.83858153,11.62805136,105362,NA
15115,2017,13.13519183,11.58088794,52970,NA
15116,2017,0.954210729,11.63868135,4303,NA
15117,2017,0.135309866,10.93566315,15757,NA
15118,2017,16.64707802,11.25531691,191841,NA
15119,2017,1.196683497,11.99611727,17641,NA
15120,2017,21.38171553,11.27681151,203060,NA
15121,2017,73.65358309,11.79347971,563848,NA
15122,2017,59.60951692,10.84078911,405268,NA
15123,2017,0.373829466,11.1235096,29278,NA
15124,2017,3.101735895,12.10481648,96509,NA
15125,2017,25.7371617,11.32233717,10709,NA
15001,2018,6.533761592,8.321477441,68204,NA
15002,2018,34.13146817,8.839585053,177223,NA
15003,2018,4.39745104,8.710440826,50943,NA
15004,2018,1.634249876,6.984818534,15540,NA
15005,2018,7.375002626,8.621964755,181703,NA
15006,2018,23.72172722,7.280334323,11860,NA
15007,2018,1.208667282,7.505339079,25364,NA
15008,2018,0.1593573,6.671833651,28178,NA
15009,2018,5.721792537,8.065854091,53747,NA
15010,2018,9.995527348,9.676894257,30917,NA
15011,2018,17.54669798,8.863220946,67414,NA
15012,2018,28.47825243,7.570120265,12166,NA
15013,2018,55.30178989,8.365949169,549657,NA
15014,2018,15.17158192,8.731061882,104655,NA
15015,2018,3.251634269,7.348910825,31898,NA
15016,2018,3.450316314,9.675374428,29175,NA
15017,2018,4.407204434,9.234376274,10639,NA
15018,2018,12.11090472,8.164861195,58174,NA
15019,2018,28.01670695,6.804476224,37458,NA
15020,2018,59.47099227,8.286385765,307649,NA
15021,2018,4.170014885,6.153917989,40831,NA
15022,2018,20.29635721,8.608901213,14959,NA
15023,2018,21.70870443,9.643832087,43631,NA
15024,2018,51.00626148,9.000892639,168534,NA
15025,2018,23.44643342,9.005858741,379002,NA
15026,2018,4.614395661,8.664401235,29601,NA
15027,2018,18.01755757,7.470308667,12391,NA
15028,2018,43.75327225,9.405193166,30770,NA
15029,2018,35.80452912,9.604524248,217909,NA
15030,2018,86.94078402,9.468981242,26712,NA
15031,2018,86.90160728,9.543213856,705316,NA
15032,2018,4.414867853,7.657102086,35527,NA
15033,2018,80.36896465,9.115497307,1692644,NA
15034,2018,2.369134694,8.227574566,9917,NA
15035,2018,19.3653872,8.754443921,139243,NA
15036,2018,7.215737626,9.684437409,45613,NA
15037,2018,19.0146705,7.178678397,282714,NA
15038,2018,1.476579092,8.384123085,12154,NA
15039,2018,15.84866516,9.239015558,536257,NA
15040,2018,5.323505832,7.076532026,37407,NA
15041,2018,0.557642663,7.877185488,7156,NA
15042,2018,31.01386985,9.137704039,159394,NA
15043,2018,4.972618934,6.572968703,31037,NA
15044,2018,84.69606514,9.574501442,29100,NA
15045,2018,5.792337933,8.262375047,92555,NA
15046,2018,1.123521897,7.807341929,20216,NA
15047,2018,13.10886569,9.224684119,77284,NA
15048,2018,12.10612056,8.957361396,68824,NA
15049,2018,4.297082659,7.449609225,14373,NA
15050,2018,2.230795898,8.619360944,26586,NA
15051,2018,17.3097976,7.809430448,154788,NA
15052,2018,1.290351295,7.47207452,28813,NA
15053,2018,60.72908659,9.309771441,59027,NA
15054,2018,64.49893515,7.692643054,241767,NA
15055,2018,20.45255521,7.834748104,13367,NA
15056,2018,7.017698143,9.055084197,31259,NA
15057,2018,43.34027915,7.701612332,898554,NA
15058,2018,83.65477693,9.671594219,1130172,NA
15059,2018,22.17864174,9.206020433,41738,NA
15060,2018,17.07836939,8.56217897,427430,NA
15061,2018,4.93205452,9.564752805,9586,NA
15062,2018,9.80191461,8.129941858,69862,NA
15063,2018,0.802194661,8.012832867,35666,NA
15064,2018,11.6982674,8.636773619,38703,NA
15065,2018,6.841898875,9.478479922,37367,NA
15066,2018,0.212601464,7.317042462,4313,NA
15067,2018,14.3591004,7.78635494,88358,NA
15068,2018,15.32555579,8.906404094,30446,NA
15069,2018,52.69952728,9.280569514,4311,NA
15070,2018,76.98513,9.375005962,301926,NA
15071,2018,5.970259072,8.583975767,14700,NA
15072,2018,11.79183176,7.747348825,14195,NA
15073,2018,13.5612125,7.367957952,29983,NA
15074,2018,17.78350188,8.426973119,139089,NA
15075,2018,8.912124317,9.981018456,28366,NA
15076,2018,74.57878682,7.952264554,79472,NA
15077,2018,0.375333884,7.335200524,6458,NA
15078,2018,0.406305004,7.30065168,10097,NA
15079,2018,9.090836604,8.342373295,13914,NA
15080,2018,0.194759473,6.661580868,27868,NA
15081,2018,39.83064588,8.695327985,476338,NA
15082,2018,0.815051425,6.507358484,79413,NA
15083,2018,8.847063093,8.926085114,13331,NA
15084,2018,6.910664228,9.302015985,40757,NA
15085,2018,7.70293139,8.645004663,66488,NA
15086,2018,0.442809684,7.081928422,33883,NA
15087,2018,11.31823014,8.603403179,106249,NA
15088,2018,8.21234988,7.09696433,102625,NA
15089,2018,6.604371401,8.938310629,12910,NA
15090,2018,6.661635784,7.113495775,89703,NA
15091,2018,38.91176062,9.283798354,69698,NA
15092,2018,17.26181591,9.655657778,59655,NA
15093,2018,5.748178167,9.5829659,32262,NA
15094,2018,7.675768381,7.945765983,20711,NA
15095,2018,12.5720448,8.881140052,101058,NA
15096,2018,10.38983969,9.524534821,38711,NA
15097,2018,0.717910458,7.121763593,19728,NA
15098,2018,4.56365831,7.124776354,5586,NA
15099,2018,15.20925673,9.510406055,256997,NA
15100,2018,65.46146193,9.190323863,44458,NA
15101,2018,13.09456913,7.367438551,80527,NA
15102,2018,6.440157686,8.378591977,16559,NA
15103,2018,3.720208331,8.204071565,50545,NA
15104,2018,79.01839162,8.724026949,744747,NA
15105,2018,0.28371931,6.335421676,36885,NA
15106,2018,46.02365528,7.669153312,926382,NA
15107,2018,3.062677914,7.198656807,13260,NA
15108,2018,67.27932307,9.17404959,156173,NA
15109,2018,74.83712395,8.558632081,548776,NA
15110,2018,1.647791894,7.57689483,68983,NA
15111,2018,7.724690246,7.478983555,53657,NA
15112,2018,2.550337087,8.495093689,49498,NA
15113,2018,9.859206802,6.271813798,69706,NA
15114,2018,11.90761526,8.1742265,107193,NA
15115,2018,13.65529882,7.751807229,53520,NA
15116,2018,0.954845188,7.414410786,4326,NA
15117,2018,0.145685837,6.615476627,15851,NA
15118,2018,16.89976439,7.633212785,195496,NA
15119,2018,1.223157267,6.944645955,17747,NA
15120,2018,22.23091363,9.198735933,208157,NA
15121,2018,75.05291728,8.972622055,568308,NA
15122,2018,59.71862901,8.688644573,410353,NA
15123,2018,0.374281137,6.838356783,29424,NA
15124,2018,3.105841244,8.06687378,97415,NA
15125,2018,25.85609628,8.874455072,10801,NA
15001,2019,6.689765609,10.23477456,68870,NA
15002,2019,35.13601966,11.73018278,181951,NA
15003,2019,4.44502797,10.67598962,51572,NA
15004,2019,1.676984726,10.11436036,15587,NA
15005,2019,7.499732158,10.27884166,185061,NA
15006,2019,23.91764118,12.21592229,12016,NA
15007,2019,1.225684193,10.36399337,25614,NA
15008,2019,0.160956478,10.01450949,28274,NA
15009,2019,5.758716749,9.886959225,54144,NA
15010,2019,10.0161043,11.23632831,31254,NA
15011,2019,17.64324508,12.00834682,68776,NA
15012,2019,28.6197737,11.82665192,12342,NA
15013,2019,56.15620216,11.31635692,553345,NA
15014,2019,15.5180858,10.38216408,106065,NA
15015,2019,3.273208443,10.37990041,32292,NA
15016,2019,3.770506099,11.52822434,29621,NA
15017,2019,4.498982723,10.5319694,10873,NA
15018,2019,12.14970739,11.11014138,59285,NA
15019,2019,28.12641519,12.05039512,37834,NA
15020,2019,59.96458721,11.70146047,309175,NA
15021,2019,4.374564765,10.8219907,41289,NA
15022,2019,20.9304865,11.31206112,15180,NA
15023,2019,22.00050789,11.22783291,43921,NA
15024,2019,51.88098418,11.30546237,171933,NA
15025,2019,23.69297675,11.65209046,388478,NA
15026,2019,4.696048524,10.09083063,29972,NA
15027,2019,18.10126072,11.83846075,12701,NA
15028,2019,44.89756512,11.69613081,31304,NA
15029,2019,35.84798691,11.91813979,222653,NA
15030,2019,89.11381332,12.31513509,27156,NA
15031,2019,87.1261378,11.97088276,713167,NA
15032,2019,4.435813599,10.96359001,35855,NA
15033,2019,80.81554868,11.97059089,1699737,NA
15034,2019,2.406557667,11.88706776,10007,NA
15035,2019,19.88824221,11.27274935,143509,NA
15036,2019,7.771957709,11.10828745,46191,NA
15037,2019,19.47089454,11.66579483,286581,NA
15038,2019,1.500386405,10.31163269,12340,NA
15039,2019,16.10101782,11.45260662,544086,NA
15040,2019,5.416484554,10.06720643,37857,NA
15041,2019,0.558493476,11.46465545,7221,NA
15042,2019,32.02868427,10.00036464,161396,NA
15043,2019,4.988636569,11.27329284,31603,NA
15044,2019,85.97531046,11.59337765,29127,NA
15045,2019,5.917321446,9.945337607,93752,NA
15046,2019,1.1494288,10.35366414,20473,NA
15047,2019,13.3334802,10.11465176,78304,NA
15048,2019,12.44821981,10.1859146,69668,NA
15049,2019,4.30199375,12.06688661,14546,NA
15050,2019,2.238777249,10.41621465,26924,NA
15051,2019,17.52691076,11.43815677,157467,NA
15052,2019,1.299907351,10.80264935,29173,NA
15053,2019,61.59522322,11.51813797,60139,NA
15054,2019,65.10616172,11.69280452,243918,NA
15055,2019,20.55177159,10.86367974,13563,NA
15056,2019,7.170497092,10.32615577,31546,NA
15057,2019,43.65387683,11.97676192,903960,NA
15058,2019,83.69614724,11.28262933,1131976,NA
15059,2019,22.82958223,11.47510824,42740,NA
15060,2019,17.28778147,10.88755257,434523,NA
15061,2019,5.395674999,10.9946537,9668,NA
15062,2019,9.895594678,12.52500999,70816,NA
15063,2019,0.809335487,11.34768427,36165,NA
15064,2019,11.9146949,10.09062143,39136,NA
15065,2019,7.551151944,12.13192131,37787,NA
15066,2019,0.213977562,10.89792487,4268,NA
15067,2019,14.54334328,10.20300704,89638,NA
15068,2019,15.34947327,11.48677591,30810,NA
15069,2019,52.90070555,11.5335939,4340,NA
15070,2019,78.1338509,12.00006359,305912,NA
15071,2019,6.071074346,10.97061762,14885,NA
15072,2019,11.79827032,11.22167159,14407,NA
15073,2019,13.63558312,11.7175722,30878,NA
15074,2019,18.22805849,10.162781,139067,NA
15075,2019,9.186429296,11.65528138,28771,NA
15076,2019,75.4133658,11.31818948,80208,NA
15077,2019,0.37824617,9.848450653,6507,NA
15078,2019,0.424170946,10.60290244,10177,NA
15079,2019,9.621673386,10.15212589,14131,NA
15080,2019,0.200933316,9.888397467,28025,NA
15081,2019,41.28319707,11.12153084,489070,NA
15082,2019,0.828387389,10.06837239,79555,NA
15083,2019,9.196318199,11.18588696,13519,NA
15084,2019,7.727824606,11.04873867,41236,NA
15085,2019,7.916692881,11.30757102,66883,NA
15086,2019,0.453044762,9.992031428,34110,NA
15087,2019,11.64536112,9.799829099,107918,NA
15088,2019,8.298480072,10.78535191,104005,NA
15089,2019,6.773705166,10.50545209,13134,NA
15090,2019,6.686721188,11.08011762,90911,NA
15091,2019,39.11448199,11.40994041,69562,NA
15092,2019,17.95602574,11.68806617,60341,NA
15093,2019,5.962122909,12.16948283,32699,NA
15094,2019,7.710326892,11.11329264,20923,NA
15095,2019,12.77783685,10.92112842,102761,NA
15096,2019,10.45183008,11.47907352,39200,NA
15097,2019,0.725624748,10.19033198,19940,NA
15098,2019,4.583324113,12.4873685,5649,NA
15099,2019,15.43153381,11.6016802,259545,NA
15100,2019,66.36797141,12.12782838,45541,NA
15101,2019,13.20943016,12.21781181,81524,NA
15102,2019,6.500943245,9.704199985,16685,NA
15103,2019,3.833216416,10.30712524,50956,NA
15104,2019,79.80782228,11.88126396,750224,NA
15105,2019,0.28522631,10.48720693,37194,NA
15106,2019,46.50349645,10.45981269,937994,NA
15107,2019,3.076073603,11.08685848,13408,NA
15108,2019,67.62536832,11.78717633,158680,NA
15109,2019,75.1694381,11.8227191,552728,NA
15110,2019,1.734853606,10.52200044,69600,NA
15111,2019,7.823365702,10.7304532,54275,NA
15112,2019,2.585270715,10.29635127,50075,NA
15113,2019,10.14497776,10.39716399,70746,NA
15114,2019,12.14670615,10.43797034,108905,NA
15115,2019,13.70698159,10.25665401,54038,NA
15116,2019,0.979589998,10.26103006,4341,NA
15117,2019,0.154538063,10.26544617,15957,NA
15118,2019,17.01006502,10.71824244,198889,NA
15119,2019,1.23916423,11.0717129,17856,NA
15120,2019,23.01467532,11.33372868,212874,NA
15121,2019,75.81214117,11.4894275,572744,NA
15122,2019,59.78871474,12.08869257,415167,NA
15123,2019,0.377173061,9.992090649,29592,NA
15124,2019,3.119188093,10.05629038,98231,NA
15125,2019,26.08230358,11.58292667,10883,NA
15001,2020,6.697065103,11.24914401,69520,67872
15002,2020,35.45895454,12.27642296,186256,171507
15003,2020,4.453234147,11.79734964,52173,49266
15004,2020,1.69779557,10.32068557,15645,15333
15005,2020,7.505235702,10.7906849,188124,174587
15006,2020,24.06314903,11.51900736,12169,12694
15007,2020,1.226444463,10.7362877,25851,23675
15008,2020,0.161156395,10.62631343,28414,25244
15009,2020,5.837649841,9.880348409,54548,53441
15010,2020,10.01610423,11.89078547,31576,31898
15011,2020,17.71974807,11.41982219,70016,75489
15012,2020,28.79059718,11.69743572,12511,12984
15013,2020,56.48496992,11.36931066,557108,523674
15014,2020,15.54117319,10.62995467,107378,109384
15015,2020,3.288221269,10.15802365,32674,31900
15016,2020,3.770506081,11.82610216,30040,29128
15017,2020,4.738467875,11.14271242,11081,10053
15018,2020,12.21971764,10.79797722,60309,68489
15019,2020,28.2625761,11.38568811,38196,36921
15020,2020,60.14271638,11.78192882,310743,293444
15021,2020,4.442924625,10.12809676,41717,38643
15022,2020,21.06347421,11.59896665,15387,15107
15023,2020,22.00050788,11.19455651,44201,40885
15024,2020,51.98822717,11.48720071,175004,178847
15025,2020,23.99366062,11.23726725,397344,400057
15026,2020,4.707718814,10.58137871,30328,31737
15027,2020,18.40818041,10.76607216,12986,12772
15028,2020,45.79526308,12.00108619,31803,30045
15029,2020,35.96315756,11.73016451,226911,200750
15030,2020,90.47811974,12.05347617,27570,27692
15031,2020,87.20662853,12.06705024,720207,705193
15032,2020,4.437136493,11.25885569,36158,37436
15033,2020,81.00758808,12.13959251,1707754,1645352
15034,2020,2.4427847,11.39647878,10090,10827
15035,2020,19.88824245,10.85931016,147326,163244
15036,2020,7.771957729,12.01802643,46742,46757
15037,2020,19.55178091,11.32911181,290231,284965
15038,2020,1.523225055,11.23831234,12512,11929
15039,2020,16.34859362,11.57265701,551034,542211
15040,2020,5.464136276,10.06861527,38288,36911
15041,2020,0.559344182,11.70918691,7283,6475
15042,2020,32.09101959,10.53790459,163284,160139
15043,2020,4.997231273,10.50058562,32120,30687
15044,2020,85.99778628,12.17803838,29179,28217
15045,2020,5.961664045,10.49357563,94893,87671
15046,2020,1.158305853,11.24431835,20713,19877
15047,2020,13.35966166,10.73324682,79263,76826
15048,2020,12.45724757,10.47281363,70471,69264
15049,2020,4.30888252,10.70196028,14710,15428
15050,2020,2.259369513,10.81868403,27241,27116
15051,2020,17.72654707,11.26027935,159948,170327
15052,2020,1.301721889,10.9826992,29515,28155
15053,2020,61.61176322,11.92484798,61172,61220
15054,2020,65.54697559,10.83121094,246055,242307
15055,2020,20.67115533,10.50477171,13744,13807
15056,2020,7.180895562,10.37064311,31832,33164
15057,2020,43.72911585,11.41893978,910187,834434
15058,2020,83.70880226,11.55464046,1135786,1077208
15059,2020,22.87659083,12.19261842,43640,57082
15060,2020,17.47752047,11.54811245,441064,430601
15061,2020,5.395675001,11.46331528,9753,10351
15062,2020,9.928950167,11.26969093,71711,72103
15063,2020,0.812357515,11.57200936,36629,36223
15064,2020,11.92185273,11.48994825,39551,36937
15065,2020,7.551746248,12.3210465,38186,36331
15066,2020,0.214803212,10.6129018,4236,4891
15067,2020,14.73147078,11.36872313,90805,88783
15068,2020,15.44499103,10.7571288,31154,30785
15069,2020,53.20757159,10.73404057,4367,4862
15070,2020,78.66727239,12.19600019,309596,304088
15071,2020,6.104067108,12.22349758,15066,14985
15072,2020,11.94726813,10.69603287,14608,15972
15073,2020,13.68906166,10.51914785,31682,31962
15074,2020,18.24258144,10.68524026,139213,144924
15075,2020,9.186429239,12.19619445,29145,29182
15076,2020,75.70029606,10.82049337,80903,97418
15077,2020,0.378246174,10.57024758,6556,6692
15078,2020,0.424760014,11.05684401,10262,9729
15079,2020,9.719367263,9.8492188,14339,14323
15080,2020,0.201344671,10.1520895,28198,24145
15081,2020,41.40859685,11.91921487,500585,547503
15082,2020,0.829527844,10.4188605,79795,79282
15083,2020,9.320651633,11.7052485,13690,14130
15084,2020,7.727824604,12.11249732,41685,43593
15085,2020,7.924136076,11.71724585,67308,66414
15086,2020,0.456617298,10.66449473,34348,35014
15087,2020,11.67854888,10.83636912,109436,105766
15088,2020,8.32971975,10.52171435,105306,104677
15089,2020,7.041628341,11.65797853,13344,11359
15090,2020,6.728708357,10.23399926,92048,90518
15091,2020,39.11448203,11.34576752,69466,65459
15092,2020,17.95602576,12.23469849,60992,58507
15093,2020,6.084479344,11.74482881,33108,32564
15094,2020,7.752033429,10.17544448,21137,20500
15095,2020,12.9437905,11.22749546,104335,103696
15096,2020,10.45183004,11.77303853,39658,39489
15097,2020,0.73057363,10.33952334,20149,18482
15098,2020,4.592729417,11.23424939,5711,5736
15099,2020,15.5482649,11.3107705,262015,277562
15100,2020,66.63212837,12.46837273,46527,47044
15101,2020,13.49137393,11.14411957,82457,84259
15102,2020,6.511169674,10.50658272,16819,16414
15103,2020,3.9660913,10.27068915,51370,49196
15104,2020,81.14334665,11.77471349,756537,672202
15105,2020,0.285333896,10.65127199,37531,31762
15106,2020,46.58881677,10.69974464,948950,910608
15107,2020,3.094640172,9.987069559,13559,12912
15108,2020,67.88637872,11.63546219,160943,157645
15109,2020,75.37879049,11.64757084,556493,516341
15110,2020,1.738916058,11.50415194,70192,61590
15111,2020,7.829369077,11.55761592,54849,53275
15112,2020,2.609240036,10.7536342,50614,51498
15113,2020,10.17531587,9.987855187,71710,69086
15114,2020,12.17349884,10.94956886,110462,108196
15115,2020,13.76892275,11.36499422,54531,54633
15116,2020,0.979590012,11.0099545,4358,5109
15117,2020,0.155336104,10.08870604,16080,13522
15118,2020,17.01836985,10.29965849,201988,203872
15119,2020,1.246071836,10.27543558,17962,18833
15120,2020,23.01467528,11.79034139,217166,280455
15121,2020,76.41290657,11.86825633,577190,555163
15122,2020,59.96343997,11.73276036,419700,391731
15123,2020,0.378197192,10.55153509,29784,28822
15124,2020,3.119452326,11.29656322,98957,100082
15125,2020,26.10562583,11.38031102,10960,14883
15001,2021,6.710336676,9.565497878,70172,NA
15002,2021,35.48127266,10.848528,190073,NA
15003,2021,4.458009849,10.43944737,52742,NA
15004,2021,1.72826731,7.3032509,15708,NA
15005,2021,7.527514732,9.663398909,190877,NA
15006,2021,24.31618823,10.48883439,12314,NA
15007,2021,1.230816612,9.244473318,26082,NA
15008,2021,0.162455869,7.451349759,28601,NA
15009,2021,5.883529494,8.407961729,54970,NA
15010,2021,10.02250005,9.435042974,31891,NA
15011,2021,17.72552653,9.966736951,71122,NA
15012,2021,29.1511504,10.26392729,12665,NA
15013,2021,56.69397361,8.83888301,560994,NA
15014,2021,15.60595699,9.187444822,108581,NA
15015,2021,3.308784038,8.353089809,33040,NA
15016,2021,3.794912049,10.65969492,30436,NA
15017,2021,4.772481672,9.372803596,11268,NA
15018,2021,12.25996015,10.24534836,61241,NA
15019,2021,28.56134303,11.15721473,38546,NA
15020,2021,60.21733773,9.278638576,312389,NA
15021,2021,4.570304101,7.937759616,42133,NA
15022,2021,21.06919382,10.43159512,15587,NA
15023,2021,22.03388181,9.244691972,44468,NA
15024,2021,52.13019458,8.931540377,177731,NA
15025,2021,24.00905043,9.699806889,405488,NA
15026,2021,4.718093049,7.923177942,30663,NA
15027,2021,18.59458878,10.8451298,13234,NA
15028,2021,45.84677245,11.09554075,32263,NA
15029,2021,35.96826994,10.92408224,230653,NA
15030,2021,90.56449768,11.12351575,27952,NA
15031,2021,87.249345,10.98458183,726430,NA
15032,2021,4.445735934,8.814762362,36444,NA
15033,2021,81.0476722,9.944915829,1716891,NA
15034,2021,2.514045626,8.301985475,10171,NA
15035,2021,19.90002159,8.71333765,150654,NA
15036,2021,7.79010769,9.981588168,47272,NA
15037,2021,19.76271036,10.00367923,293667,NA
15038,2021,1.561053866,9.110694288,12669,NA
15039,2021,16.37231837,9.759903766,557092,NA
15040,2021,5.477931265,7.951555122,38700,NA
15041,2021,0.561045478,8.388816707,7350,NA
15042,2021,32.23702932,10.03229994,165039,NA
15043,2021,5.015616185,9.700781739,32592,NA
15044,2021,86.08313165,9.389815628,29260,NA
15045,2021,6.010523995,9.199309883,95973,NA
15046,2021,1.208853627,8.639850847,20933,NA
15047,2021,13.41064603,9.662383714,80156,NA
15048,2021,12.48413652,9.309055281,71234,NA
15049,2021,4.367231231,9.972972454,14863,NA
15050,2021,2.267351039,8.811770207,27540,NA
15051,2021,18.03427783,10.1766605,162204,NA
15052,2021,1.302125091,8.351811527,29847,NA
15053,2021,61.78833962,9.228601384,62105,NA
15054,2021,65.87017591,10.15629473,248200,NA
15055,2021,20.81904223,10.66778844,13918,NA
15056,2021,7.211902173,8.417642895,32122,NA
15057,2021,43.82687161,9.318376857,917312,NA
15058,2021,83.7094695,9.696264552,1141770,NA
15059,2021,22.93013716,9.730939054,44432,NA
15060,2021,17.60012623,9.200613545,447017,NA
15061,2021,5.435444198,11.00703124,9832,NA
15062,2021,10.05050358,9.813543942,72557,NA
15063,2021,0.825956353,9.16347604,37057,NA
15064,2021,11.93631053,9.443404777,39958,NA
15065,2021,7.612485505,10.74887718,38578,NA
15066,2021,0.214803214,8.115139685,4212,NA
15067,2021,14.97609248,9.453935323,91852,NA
15068,2021,15.50571429,8.570117547,31481,NA
15069,2021,53.26093814,10.61995161,4397,NA
15070,2021,78.79553118,10.07297744,312970,NA
15071,2021,6.127941967,10.10631951,15243,NA
15072,2021,11.99050145,10.01396842,14791,NA
15073,2021,13.72332043,10.16216815,32387,NA
15074,2021,18.26535812,9.839971392,139526,NA
15075,2021,9.236137754,10.72349644,29497,NA
15076,2021,76.36959279,10.17426669,81552,NA
15077,2021,0.378246175,8.188097226,6608,NA
15078,2021,0.425545481,7.911804167,10345,NA
15079,2021,9.763699466,9.357166869,14531,NA
15080,2021,0.201943153,7.541762332,28392,NA
15081,2021,41.4665113,9.712378272,510768,NA
15082,2021,0.834025666,7.752235072,80129,NA
15083,2021,9.320651681,9.593710273,13843,NA
15084,2021,7.762753464,10.25290801,42107,NA
15085,2021,7.94995453,9.950327541,67770,NA
15086,2021,0.462756682,8.694492223,34591,NA
15087,2021,11.75557332,9.999881538,110794,NA
15088,2021,8.354272556,8.658176088,106528,NA
15089,2021,7.054440342,9.398996567,13540,NA
15090,2021,6.769090405,8.930618954,93092,NA
15091,2021,39.19391299,9.245379741,69423,NA
15092,2021,17.98059559,10.69062407,61609,NA
15093,2021,6.108411783,10.82430286,33490,NA
15094,2021,7.776566411,8.098449283,21345,NA
15095,2021,13.01900904,9.205066111,105766,NA
15096,2021,10.4920434,9.566754359,40100,NA
15097,2021,0.748478046,7.735298655,20343,NA
15098,2021,4.6337697,9.766883752,5769,NA
15099,2021,15.60148578,10.18962061,264421,NA
15100,2021,66.68129617,10.99062026,47398,NA
15101,2021,13.5948025,10.21217485,83330,NA
15102,2021,6.520890691,8.729164686,16955,NA
15103,2021,4.003399203,8.700097556,51804,NA
15104,2021,81.22896133,9.966687415,763728,NA
15105,2021,0.285710596,7.542725095,37909,NA
15106,2021,46.74152417,10.03370533,959238,NA
15107,2021,3.098400424,8.479861944,13714,NA
15108,2021,68.00918763,9.364922144,162956,NA
15109,2021,75.40612431,9.277599687,560120,NA
15110,2021,1.742029312,9.017702052,70753,NA
15111,2021,7.838849368,9.130175635,55369,NA
15112,2021,2.652657303,8.371175422,51111,NA
15113,2021,10.28346382,7.935876481,72605,NA
15114,2021,12.20226761,9.322171523,111864,NA
15115,2021,13.96933977,9.406200143,54999,NA
15116,2021,0.980858992,7.908714281,4381,NA
15117,2021,0.156061495,7.260954043,16209,NA
15118,2021,17.06091164,9.503741825,204780,NA
15119,2021,1.25475527,8.237734146,18067,NA
15120,2021,23.05299622,9.674662968,220996,NA
15121,2021,76.49861883,9.174922956,581688,NA
15122,2021,59.97384992,9.414041779,423921,NA
15123,2021,0.378498392,8.928880092,29998,NA
15124,2021,3.121346274,9.529068717,99587,NA
15125,2021,26.2105682,8.874259874,11014,NA
15001,2022,6.755578314,12.35399997,70814,NA
15002,2022,35.50090484,13.33538079,193360,NA
15003,2022,4.469646824,12.33372389,53282,NA
15004,2022,1.732850313,12.5635009,15793,NA
15005,2022,7.592754746,13.06382532,193287,NA
15006,2022,24.4794995,13.83051504,12447,NA
15007,2022,1.23575832,13.67918329,26302,NA
15008,2022,0.162455868,13.39848652,28837,NA
15009,2022,5.915322144,12.45861846,55411,NA
15010,2022,10.02250002,13.05227435,32187,NA
15011,2022,17.73106389,12.92120549,72092,NA
15012,2022,29.39072873,13.78338402,12793,NA
15013,2022,56.96383674,13.601887,565045,NA
15014,2022,15.70712264,13.07216417,109671,NA
15015,2022,3.323512578,12.43114443,33398,NA
15016,2022,3.802999435,13.36225803,30806,NA
15017,2022,4.790425243,13.39209818,11437,NA
15018,2022,12.29815257,13.34164366,62066,NA
15019,2022,28.84247424,13.80353285,38875,NA
15020,2022,60.27511172,13.17307369,314164,NA
15021,2022,4.648907332,12.3318242,42528,NA
15022,2022,21.09493329,13.13573252,15770,NA
15023,2022,22.05392054,13.29421638,44733,NA
15024,2022,52.47331972,13.12393279,180098,NA
15025,2022,24.02072911,13.2456851,412810,NA
15026,2022,4.746259263,12.91565117,30965,NA
15027,2022,18.80526396,13.59765944,13458,NA
15028,2022,45.88672382,13.69589596,32685,NA
15029,2022,35.97440518,13.66091683,233841,NA
15030,2022,90.64778515,13.99810704,28305,NA
15031,2022,87.28400452,13.73019813,731834,NA
15032,2022,4.450035219,13.45236162,36701,NA
15033,2022,81.07939559,13.38995594,1727349,NA
15034,2022,2.530766576,12.16293557,10246,NA
15035,2022,19.92692161,12.99456037,153440,NA
15036,2022,7.793337317,12.55680464,47765,NA
15037,2022,19.94735956,12.8058851,296879,NA
15038,2022,1.638564553,13.2036828,12809,NA
15039,2022,16.40653877,13.04357603,562236,NA
15040,2022,5.492834233,12.03143092,39094,NA
15041,2022,0.561045479,12.31944469,7417,NA
15042,2022,19.48245151,13.3133451,166675,NA
15043,2022,5.063270972,13.15488247,33007,NA
15044,2022,86.08313156,13.43873072,29372,NA
15045,2022,6.159847318,12.25974389,96986,NA
15046,2022,1.276063374,13.07132247,21139,NA
15047,2022,13.49255537,13.05902998,80987,NA
15048,2022,12.54070011,12.89515039,71951,NA
15049,2022,4.404887036,13.72290839,15008,NA
15050,2022,2.276290286,13.29732799,27818,NA
15051,2022,18.24588701,13.72189553,164220,NA
15052,2022,1.302326702,12.59228687,30160,NA
15053,2022,61.82480398,13.10215978,62945,NA
15054,2022,66.28152057,13.2181423,250361,NA
15055,2022,20.97173271,13.04515546,14075,NA
15056,2022,7.302054652,12.80749444,32413,NA
15057,2022,43.94664863,13.28159332,925411,NA
15058,2022,83.70946948,12.84491471,1150103,NA
15059,2022,22.95209316,13.47300796,45104,NA
15060,2022,17.72242574,12.85564241,452349,NA
15061,2022,5.447935525,13.4682279,9909,NA
15062,2022,10.14814126,13.56017783,73339,NA
15063,2022,0.833796257,12.82339742,37446,NA
15064,2022,12.01442681,13.0140944,40348,NA
15065,2022,7.627483398,13.60012181,38947,NA
15066,2022,0.214803213,13.07239918,4204,NA
15067,2022,15.18545681,12.92408611,92772,NA
15068,2022,15.54768655,13.44541017,31796,NA
15069,2022,53.28762345,13.46324214,4427,NA
15070,2022,78.95680327,13.41797689,316020,NA
15071,2022,6.150491334,12.33177793,15415,NA
15072,2022,12.07052778,13.99517268,14962,NA
15073,2022,13.78933284,13.96079528,32993,NA
15074,2022,18.35889043,13.63375969,140029,NA
15075,2022,9.256622269,13.3678982,29826,NA
15076,2022,77.00695068,13.01224994,82161,NA
15077,2022,0.378246174,12.86357173,6658,NA
15078,2022,0.425545482,12.76832507,10429,NA
15079,2022,9.872592328,12.28021147,14715,NA
15080,2022,0.202205014,12.63462018,28613,NA
15081,2022,41.51675424,12.89522907,519495,NA
15082,2022,0.836654725,13.35352446,80579,NA
15083,2022,9.325711932,13.67958109,13987,NA
15084,2022,7.771838714,13.22400271,42499,NA
15085,2022,7.971347185,12.3582411,68269,NA
15086,2022,0.464691154,13.09708651,34840,NA
15087,2022,11.89027454,13.07691822,111977,NA
15088,2022,8.375866652,12.75009411,107665,NA
15089,2022,7.061681951,13.94874105,13718,NA
15090,2022,6.816088481,13.3595929,94050,NA
15091,2022,39.35543222,13.77835997,69457,NA
15092,2022,17.99935863,13.16234932,62190,NA
15093,2022,6.130013071,13.78349231,33850,NA
15094,2022,7.788341528,13.68096027,21542,NA
15095,2022,13.05166892,13.40315798,107057,NA
15096,2022,10.50596321,13.02700268,40512,NA
15097,2022,0.756484132,12.84152668,20532,NA
15098,2022,4.644746304,13.9152413,5821,NA
15099,2022,15.65691422,13.32559083,266768,NA
15100,2022,66.71105694,13.49728909,48158,NA
15101,2022,13.70321216,13.48600942,84133,NA
15102,2022,6.549999361,12.34353048,17100,NA
15103,2022,4.022208618,12.93965543,52256,NA
15104,2022,81.32702731,13.9156091,771858,NA
15105,2022,0.285710597,13.08650449,38324,NA
15106,2022,4.632230033,12.87170345,968840,NA
15107,2022,3.099340692,12.20119701,13873,NA
15108,2022,68.21083133,13.02338963,164699,NA
15109,2022,75.51062333,13.4669997,563656,NA
15110,2022,1.744984691,13.82660157,71287,NA
15111,2022,7.857424597,13.20391488,55844,NA
15112,2022,2.714976532,12.59841494,51578,NA
15113,2022,10.34635949,12.78393903,73411,NA
15114,2022,12.23912858,13.64880204,113089,NA
15115,2022,14.11535799,13.08515157,55437,NA
15116,2022,0.980858991,13.37818243,4400,NA
15117,2022,0.157077305,12.45475999,16356,NA
15118,2022,17.22303321,12.88794277,207236,NA
15119,2022,1.260090532,12.23713984,18178,NA
15120,2022,23.07975569,13.06108344,224322,NA
15121,2022,76.57235338,13.11737373,586273,NA
15122,2022,59.9806394,13.45508853,427808,NA
15123,2022,0.378859854,13.3908397,30230,NA
15124,2022,3.138588701,13.26522409,100123,NA
15125,2022,26.2595413,12.98633613,11060,NA
